cipher_symbol,dim_0,dim_1,dim_2,dim_3,dim_4,dim_5,dim_6,dim_7,dim_8,dim_9,dim_10,dim_11,dim_12,dim_13,dim_14,dim_15,dim_16,dim_17,dim_18,dim_19
1,6.504632092729766,3.7186797868068178,0.16529991388404042,1.0972926087561692,0.7231796808652995,-0.3603674063581157,-1.6120007001690526,0.618834493148201,-0.2882886920803587,-3.1785081773998236,2.1872367800516255,-4.723184755964698,-1.2003244251355971,-2.2506543320025,-2.3623880962712738,0.797331256220073,0.40295859438261733,1.0716292195911674,1.0054158349187492,0.6224560871137845
10,6.2748433445097636,1.2104969609643197,4.59752295655105,1.5012522478911503,1.4437614795700155,-0.30908724811617116,3.1148132130151662,0.828897994537637,1.4173226635938052,-1.3921085831481759,-2.331869690249553,1.9287903107008169,-1.6040839012424504,0.18392728009539486,-0.7159085036335,-0.9676049394743688,1.7918522901827305,1.3547446173019213,2.358597547061221,-0.13638800143130053
100,6.760938979233607,-3.8663321243019935,-0.5883853368946266,-0.4411145824948176,3.8007292625009663,-0.48846677931213844,-1.2264634437667563,-0.9946321893909355,0.2099553280666111,-0.44806004947059597,0.18394330039792725,-0.37600473620560526,-0.15863269561810353,0.12901280212854876,0.7548390052588643,-0.16852113008119912,0.31872718918818127,-0.45091423014357646,-0.12175940257107981,-2.9749880061874903
101,6.481233765201246,-3.4950949650303254,-1.016997442068159,3.3111744764677793,-0.42788978669498207,-0.08560346402414211,1.219303770845352,2.2456333604370866,2.2595030353297654,0.307482564610294,-0.24553102979748054,0.33341597759749375,-1.8960383853065754,0.6305287797838832,1.2382766457821899,0.5066390552456184,0.19557194413757317,0.6642683982015468,-0.5904255059952231,-1.753579103428469
102,6.15458944860776,3.8482950011518837,-0.8934548941796114,0.13780660331055686,-0.29052858380163316,-2.795948900427005,0.6110540564906303,-2.305477750369917,-2.114851756121884,1.5127332349918603,-2.4556598276782227,3.8212183044885117,0.9979141482460552,-3.1076573140703534,2.3692596724761072,-2.318473378919371,-1.2848391960827892,3.313176178240589,-0.35849017733496946,-1.581511039693665
103,6.642898122741274,-2.128448326862781,0.43828091006465614,1.223446423699145,2.223415508932907,-2.5537430746453635,-2.924816400034742,0.2161981195308934,-0.8343776106148151,-0.8439156760942155,2.3027331587277535,0.9541336630031902,0.2394981749161606,-0.4669186424481522,-3.685571862988113,0.7181669031700706,-0.83207086519752,-1.1894590129594946,-1.4225781914504165,-1.337412490523597
104,6.855593912722162,-3.7177998260312304,-2.3765573378108567,0.33793115487602843,3.211620196825126,-0.471483619557077,-0.11933285239337665,0.18086050660995637,0.8692086445735194,-2.556193318461341,-1.0372638172382793,1.7568804963571432,0.5106864160504943,0.683582015270412,1.21378456315918,-2.2968388570052305,-3.5746756093188448,-0.5997568159810931,-1.5028493146114803,0.49562381810320033
105,6.729983478530228,4.988555568786735,0.3830093772946846,1.84580218551331,1.348634729390476,2.250853566864582,-0.8798194737455931,3.234472210858417,0.23757511536455858,-0.5436521152017487,-0.46367323113407144,-2.205691411389994,-1.098237536007275,0.6131235413193081,0.38254659762348425,-1.2271097250861547,1.893813486388356,1.0623492653603064,-0.061709341617436325,-0.12639373153746192
106,6.821889952179923,-1.3124600544661955,0.38692499425408566,-1.7293361714481097,-0.4485971976729523,1.4433425557792146,-0.7598527837030056,-0.5574958231601285,-0.5688674709287949,1.143109842357104,-0.7609565937936491,-1.3783710330544183,2.891564126963839,0.318081976828336,2.8379102623087604,-1.078504944465768,0.6469484653793194,0.3423769336114776,-0.9555444721939865,0.5647814345774604
107,6.876863561747571,-0.9521618704165855,1.7917885277069132,-1.9705301916871054,-0.8587524554541303,-1.55727637631681,-3.1511839967151203,-0.9612012686578,0.021005333922034464,-1.6947786232252402,-2.280332255165667,-0.9785620757289366,-1.9169395476429198,2.524970631224658,-0.5429162382865567,0.3989593649364369,-1.0251243331423483,-0.5505444604356743,0.005909629979130804,-1.3165035578936266
108,7.036942073746603,3.14424771618005,1.5090222289732158,0.8293627292846348,2.0954391933768113,-3.783662359085533,-1.2170541448776913,-0.26169706024878914,-1.894293232430488,-0.888115055300809,0.1708089169879387,-1.480781547093831,0.21039590458615187,2.028424452003098,1.1123978587688108,-1.1924988384327178,-2.656277536181358,-0.17712375686265458,-1.0927191236005211,1.338042615921002
109,6.8089320030505345,1.356722651707347,3.2986872539145464,-1.8647398350783675,-2.2509365527093617,0.18414561976316007,-0.7299303020845576,-1.8062655710240136,1.0654808336750292,0.5526059544048971,0.061918432194101036,1.0762987256434133,-0.8795813187693148,-0.7710309451362722,-0.7996152162971065,-2.3847779887561544,0.24071596498443554,-1.576180960191923,-0.6621048792792339,0.6835007186143345
11,6.321397615404401,3.8938174531725336,-0.48599364846415194,0.624889440119619,0.8502429761835202,-0.6911076016334154,-1.8643181555133688,1.5784557919018216,2.36053714529424,0.6569207838561583,0.7048159083985159,-1.1284586003779256,1.8460633132433237,-2.3882419790185434,-2.9021137532020673,1.1740880252980284,0.5921720494155693,3.2783950661476533,1.64580136248193,2.5433719606153087
110,6.541968607535835,-0.781593592291427,0.2652415601188627,0.3468717041988112,0.8619860298109286,4.1882403223746385,0.9217485474071508,2.3555526262873627,-0.2776751636122151,2.610902570134197,-0.09124310904007388,-1.213272863406776,1.2997926999845277,1.3364455078045787,-1.0274496009187557,1.9496010079623185,-0.4024992666791114,0.5113561189796976,0.6049176467497251,-1.3552584123424622
111,6.931445080322245,-4.154246468809818,1.2922192704758468,-1.4284934529023414,-3.146406558549634,-1.5162723808443166,0.4342649380919367,-2.5679645102456266,-0.30056776056152595,-0.3808267375576877,-0.40782349120997174,-0.7297769371109594,1.0111278550045486,-0.03389695593996679,-1.0345629044159095,-0.4010421480175314,-2.7760810471488897,1.5420480037823436,-0.0703002597689911,-2.5106786413897684
112,7.092304478213136,-3.6743328471797607,-1.4711447774752526,0.47083094631049643,0.9005119538334485,-1.1066869638885646,-0.27255240071719045,-0.3956815824203485,-0.006232221289445172,1.3999436688209794,0.11269100505968338,1.0322361438878556,0.18066650947629168,1.1567590383204978,2.4702278620306206,-1.9596702664610373,-1.3336352610764228,0.5013094588557994,-1.2309234650133698,-1.3902588484441185
113,6.642475119725399,4.175076759076106,0.04611106001669024,1.2172177787771672,-0.8203863741598458,0.044552303633196844,-1.9012087681862175,-1.2503612243183055,1.4912949549443892,-0.03440411280208071,-0.9464017403452235,-0.0031294371942660604,1.4673756704556724,0.7812784121054273,-2.5995921053439544,1.6829132387643808,-1.4584405061119106,-2.0242197650541383,1.2455019462926884,0.601437985997954
114,6.453752182684658,-3.3147491336429313,-1.0137896740165155,0.4028751408280847,1.530698167822529,0.15730042778115882,-1.8107524615589732,-0.43003181367405474,-0.7589302369749775,1.003197703142693,0.8054215920180969,0.7917721334180399,-0.4690927588198782,3.1589120484542894,-1.650865010611499,-0.06500798507841166,-1.0583627432937335,-1.5994004937181177,-0.42280530533231464,-0.2839405001948244
115,6.729379262508745,-1.928696027036779,0.26024447919495786,-2.5451140277234883,0.09696849279564579,-1.2830150774044404,2.834716071953607,-1.6260293052707544,-0.1650510339382553,-0.05296375588002,-0.61891990322953,-1.7257783683794772,-2.0981641966750755,0.37530833450103535,2.722115778335972,-0.7193679289403316,-3.3314912328257242,1.4062340194009102,1.8912706290949912,3.612473420274421
116,6.527219264419639,4.248857702875729,-2.3848774788015907,-1.9502026954771894,0.6832287869669763,0.2745801206905132,1.9187792674830826,-0.2539475732414681,0.8435729701584955,0.5922037227749852,1.3778678432180465,0.392557807524586,0.9473985600242497,-1.5702987483537583,-0.6485008377433407,-2.0307038936363746,-2.154119239311206,-1.3493106783746167,-0.809884688319959,-1.7713606180740127
117,6.790713901248477,1.6849971318468766,3.454250387738258,2.5282946485855247,1.3222968475395882,-1.9980622811006121,-1.6889942755006078,-0.25560894318015814,0.6673272168528714,-1.6315139592065981,1.289940007164988,0.7950627293189061,0.8184441236857788,1.5640456534967235,0.21505227087775353,-3.1963717517819004,-2.4104468113591393,-1.248007724091335,-1.8947771129516968,-0.3527977829994848
118,7.370285355715655,-2.4568340330892973,2.7288062634202817,-0.8311553734026502,-2.586169235813786,-0.8752725927613105,0.02454180125659031,-1.1187658877545141,-1.9691511638009658,-2.345682337100639,-0.30328292022575615,-1.0160896955488523,0.7598213458516092,1.8865193039226582,-1.3269703412061298,-0.7660389172120909,0.8609655031917965,-0.31498515176633957,-0.29903739413891595,-0.9948335251534159
119,7.115898383094572,-1.17753571478782,3.6086076012219923,1.2910020483826425,3.7924344936417356,4.755982256893473,-0.9434632252094071,-0.4945259502409068,0.3909413584676595,0.4428942600087311,1.1680618762461832,-0.7504148104102266,-0.8827392670107116,0.0412879528245734,0.9388159307528701,0.015447083293460492,0.5536201722078972,-0.14820742792000008,0.5473934386010384,0.03675740709306578
12,6.761647309407242,0.9958076857595265,0.730495053208143,0.8926494184964415,-0.053329164622345104,0.7215649950760326,-0.2925433164731437,-0.5678404802676589,-1.786928622726109,-0.12186196961962209,-1.7428438674125895,-0.843424098172425,1.7719728006241209,0.5618752136238357,-1.7854683223989447,1.504498870365274,-1.4758921526920405,-2.1472077133192773,0.2127477682552475,-0.29878081692186487
120,5.370738479522471,-0.5794488822712143,1.5816205982256992,0.7380521554798913,0.7946712133250353,1.5287635095061811,-1.6845390490588033,1.9129324485610164,1.4130461396937606,2.9923433691342374,2.82066684706949,-3.7976510923010025,-2.2209533031782698,-0.3913109014458963,0.7272385316235802,-3.115728431124082,-2.1128406609128922,-0.23551836136258514,-1.4690713297019113,0.9233992698730626
121,6.979131182212987,-2.231738142737107,0.609497588049047,-4.243962844638343,0.5373788806582193,-2.035545199949725,-1.866815294012361,0.7787380445913413,1.9141569607261542,0.7743004940253061,-1.2699088343156328,0.4177286126920963,1.3784891024931942,3.2063279400225504,0.1757048794978303,-0.905497512705308,2.4543896190598806,-0.8984044990021482,0.6206495955720611,0.5654906476048878
122,6.52879893432323,-0.6817054957496107,1.1069363045887637,-0.2713916141374894,3.9540849586497027,4.644119962125251,-0.9356311814095445,0.25707385064653965,-2.7385300018994725,-0.3365383503642341,-0.6373809949008246,1.2078102278078708,-1.2000287136034515,-0.2965772104439871,0.8474606182317862,1.1181898703383675,0.9589507451257935,2.6250325090416484,0.061556321646431655,0.38464461568592845
123,6.853765191956592,-1.9987669759209774,0.14422210241582112,-0.33834222160971333,-0.49229230583480055,0.44461449173215717,-1.123646079122807,2.0677636203014416,-4.000160591171748,1.464846052468853,0.9504888848267342,3.3890313972921753,-1.5454190445764069,-3.2611900911355,-2.2541021709249014,0.8088681325261754,-1.5791435696447704,-0.1582264225642299,0.6721130977241202,0.674812814731273
124,6.784403780630842,-4.898629586558856,-1.6227608590842817,-0.8257729650979632,0.12510100335722413,0.31984553139336197,-0.3706311290877551,-0.6896887697368285,-3.3544128463479566,1.2695357517551207,-0.5537213530632781,-2.960757707863144,-0.2201546034758189,-0.39102773740530244,0.2911617425404369,0.2868579489330241,-1.0009404541020928,0.026358823964847775,0.880657016455805,-0.40936379789169774
125,6.84115633361813,4.203953989176304,-0.7485930063064292,1.490148443559142,-0.4282376252831304,-1.3255507065551706,0.3883149436691634,0.7506865108832758,-1.280920280327609,-1.3353948814131074,-0.052677570156730386,-2.386793628405613,-0.729875890884187,2.173267870361412,-1.349329866598115,0.7164618250320085,2.373247823926982,0.867213505818309,-1.010587449006771,1.463468263837963
126,5.684317706419638,3.844767633281018,-1.2073010257965326,-1.4648352497879764,-0.10770268156075943,-3.0798217420967493,-0.8453438048368098,2.6699693920873626,-0.5521270956913005,0.7878129861409162,1.6211683116254347,-1.6847181222075622,3.777364709342578,-0.6882720558838651,-0.11371618916992712,2.563768004462445,0.5623993165498409,-0.10848026905745686,0.5242960838903051,-1.4978959711848951
127,5.355374407979637,-2.8706908674133063,0.9569153398332038,-0.379934674812904,1.1990614357968155,2.041352156207294,0.6014181212069052,0.36030318166927944,0.8464873090730392,-3.672611100921892,1.7142031183843232,3.2554355389897185,2.4963831269438455,-0.39277549401606704,-1.071095781687803,1.7990308769967807,0.6795755399037855,0.3517312989003743,-3.5784382513564337,4.893940830216733
128,6.767195957499176,-3.6022586517000565,-2.0719021895443013,4.2669401178021635,-0.48231008272785125,-0.657554329392145,0.23795633285220494,0.22443400721931756,1.2852843995524552,0.6706868952304671,1.0907086450411114,1.5244273917025606,-0.642939079537096,-0.2524495124637113,0.2659978783423048,-2.50018278028436,0.9065361247628204,-0.021356386644159953,1.4708749187665062,-1.7091369499207998
129,7.421010379046187,-2.242300745215438,0.17568345142836034,-1.5425117420791528,-1.964613448587757,-0.1671439277286396,1.4841333009019424,-2.277356471959192,0.9145927044777701,-1.8247641607574687,-0.5048166103185114,-0.29729953056802416,-0.7228900175991095,-1.7229713152474426,-1.9912965866523293,1.106389231442146,0.01057374777252923,0.5824335532914691,-1.3578175814660662,-0.881977792144395
13,6.787220617575981,-2.212106026897021,-0.05358783245750143,0.49145421130257577,0.331944166132982,-2.236170200689617,1.792288564412093,0.07996049018598095,1.0839142323744646,-0.4432865067034195,-3.409078369165665,-1.5523169294530992,-1.182459461341042,-1.2152530907551657,0.2044456058529791,4.400194951988608,1.9336696441868066,-0.19594225775619362,0.08247167402144362,-2.0381531468805716
130,6.5432672071714375,4.1178289381478965,-2.651419978314464,-2.8106416892926287,-0.8530667405015351,-0.6767995030038045,0.08421851226785304,2.7310256704862774,2.3035063284102355,1.3247651901550976,-1.6212638936295791,1.5280482447964625,1.2110414887322865,0.6575887974560917,0.9983072887017925,-0.3830128794144445,0.26756726274470455,-0.9130635412054395,-0.36918499543897965,0.5569384187574773
131,7.040947561910985,-2.9005082164972666,-1.7210501236063456,-0.014578885349889381,0.5753051377362608,0.9200912009807747,-0.5766911250963971,0.11294430756643348,-0.38446017884514205,-1.148229010894544,-0.04330910187883963,-0.4283756713261554,1.9288793778893942,-0.39777885372495314,-2.429025158085408,-1.1989728374845205,2.6316879043287034,-1.7341357952453642,-1.836367135110076,-0.8867261529719643
132,6.0372110007834925,2.601697550170978,4.212734169093271,3.539938690229741,-0.8180134320967303,-1.3126863628638563,-2.1085090812563343,1.6198299938336134,1.3527813979831391,-0.18032791619043648,0.11555852732369709,1.7896926419628831,0.23243694923478508,-0.6620002822181976,2.5500236310345468,0.7895211485671362,0.10759048904664537,0.13390536562052652,-0.9804699475718048,-0.23820039566579648
133,6.867971004954875,-0.7139565703515744,0.7140131346392025,-0.9048445502923923,2.0289967065942696,-0.7784274676191238,1.3701368944883852,-1.2075938777027595,0.7129905856841728,1.7900482088083254,-1.3443581288840551,-3.1062275100263332,-1.3360284642524443,-0.12806737789023626,3.049252697978185,-0.7769478132176039,-0.300520977361327,1.0821100146062375,0.3261156726673678,-1.3547446917296866
134,6.753635382990083,3.752789629795127,2.085737380270669,1.6141678669918789,-1.3777748063493662,-0.5532295407889949,1.502151018364286,-0.07735686452758772,-1.1767062607237744,-2.645333779726975,0.23141782073830175,-0.2546194653608711,-2.3760944827756485,1.13542835890256,0.49335100201026705,-1.1128708945571868,-1.4225144972515458,-2.265596998911944,-1.3879987940732437,-0.7547510506146832
135,6.653706880345297,-1.5123243167722016,-2.6611738825452447,0.7761727955439969,2.4941749017812453,0.8385602616275072,-1.3575562553321971,0.8317695342204858,0.653686636118741,-2.8354703891176047,-0.9359892171408237,0.02184163924537881,0.42944990601911676,-1.1018171151678087,-0.39941137246229885,1.211658562828497,-2.3626517967457286,-1.6288551502957191,4.451847729494896,1.0053690730907758
136,6.191204618725299,0.10546512135209525,2.8553967852046833,-2.3472890142691627,0.18946188011655063,-3.2994795802802934,-0.4731918603422156,-0.7275469786958884,1.5030555697258088,1.4947078345375817,2.193550580598319,0.08954937936523687,-1.118786375707586,-2.478128371800059,1.0248658806472024,1.1416296895080926,0.19002693323539652,-1.1655415184394025,0.21848098015793593,0.581435567625652
137,6.858654534887387,-3.9068462195693296,-1.2149929857056885,-0.5592263549807649,1.6895256397587852,-0.298704174084949,-0.9301780049683068,-1.6061624517949304,-0.9804721908615313,3.2820664384616336,-0.6909119523168504,-0.7984296019566944,1.0534193217333805,-0.84402835593184,-2.0952872177648416,1.8384444055284597,1.1157087906317875,-1.2524933175217001,-0.17379725259845386,2.2758636832137342
138,5.6071824766233895,-1.2390448470234823,1.4419170539396866,-2.478526671545922,-1.3214235746364407,-2.1327697640416265,-1.4644917602934704,-0.07153224795914381,0.9030004557661511,1.4365226907506754,1.7025630629271558,-1.7019560151811817,-3.0250242942046555,-0.3858258863483064,-0.6223304630820171,-0.567204813448027,-2.741386811265407,-0.2853236822328622,-1.4425697150692374,0.58436204698215
139,6.6800733472713585,-2.092991158377111,-0.24019372946947476,-0.21027993497322284,-1.582540812879307,2.6438852071716132,-0.9483157162802456,-0.0985927996854038,-1.3398364834037073,4.877220768522106,-1.3936041633041407,-0.9861212802537008,0.7006926899887796,-2.6921249585040705,0.9771074611736117,-0.2711162106095092,-0.5648986981518421,0.20157040731607156,-0.6773669279664357,1.1721761318465662
14,6.999151174633889,-1.0819822807600494,-0.8300488881075674,-1.4921501282772835,-1.200178136530053,-0.9650691573645451,-1.882508439387487,4.085630879558929,-1.1009031527733626,-0.4307274936190891,-0.4816516073898862,1.0938223603694555,-1.9171737919884717,0.7061522677442754,-0.792661928337447,-0.775537030867316,1.5114083193051813,-0.7234153494174734,0.12247115731250025,0.9034850193569872
140,6.401764892841941,1.8361786232025046,3.1018784483106576,2.8036833970695065,2.7442487953361656,-1.9154861013435935,4.841372845551961,3.7387870513725847,-1.8853187797803659,1.4754669303484813,0.2938303662416476,2.989624990905637,0.2764502197148549,-1.632967350368292,0.6348179686195583,0.2613345880070679,0.6281625895555825,-2.1343787682023745,0.8354845655694919,-1.39214718401715
141,6.715753764241999,3.2862885065251612,2.818494839957175,2.498888003812553,-0.1837669531889676,-0.5040512261184004,-1.1443126775204102,0.6432121855558302,-1.019929692936387,-0.42845242348628443,0.18913188412504933,-0.23735137730082345,0.5805008861370038,1.2175154178315357,0.9550454992794549,0.5706382723623762,1.4590599475176382,0.4548178725179993,0.7586865874670734,-0.9636506930088538
142,6.794104972008849,3.296629245032976,-1.1599839536393637,0.5718150393530462,-0.6027766543313196,-0.5842901857799305,0.2999266724623316,0.8499955355218572,-2.4072285479098863,-1.3926150533981911,1.321560377921083,-0.523884200939652,1.7564505243141717,-1.2120353724462272,-1.10200330554349,-0.6276751484254952,0.4743704981819798,1.2714686032737572,-0.4262408729032249,-1.13729023648475
143,6.766776796855229,0.03179577971563733,0.7862069003821115,-0.13191536287830097,-1.7358608764493773,2.516485004845963,-0.13798995411967774,1.5131669375720067,1.702515408843361,-2.571357306220303,-0.032544930426474855,1.22827081917782,-1.2816552703469188,-0.12367012439460204,3.6212411363565487,0.5765018319910014,-1.1034068152739955,0.0027916636672958295,-1.256821719493043,-0.24036838090670276
144,6.466573276132327,3.3080761699076744,-0.17678694274234952,3.0777172929187095,1.2020607413533677,2.6462345690533295,1.1074461948205516,-0.9526600772741007,2.900110048802846,-1.9492277024746092,-1.4166973844221138,-0.8882481873111067,-4.362793889382868,-0.9506881680918866,-1.034598252206234,0.7445726229217419,0.1399312256132419,0.9497391063601874,1.7484199744343845,-1.2425730598685354
145,7.123639053109774,-3.9322208280526008,0.10459187704871714,1.2439018102944788,-0.7119099611697548,-0.14872529424761835,-2.4214418180606816,-0.1502979824516402,-1.159747087179137,-1.9825232178293868,-0.5453377001564532,-2.173408093462288,0.5430577339531906,1.0146090810945447,1.2399575842291568,0.1279355913370601,-0.05329851742389424,1.333268104681567,0.26073057122795984,-0.19254624131513265
146,6.369112783309623,3.92737474872009,-2.5987135766071257,-0.48094693643713404,1.7184775043428435,-0.3965182314700002,0.5884535604411685,-0.3543231632864161,0.8324158096351356,-1.4028878015339625,1.3400705786631275,-1.0343612256363022,0.5015106139207682,0.20486729031362955,-2.3638033445399618,-1.3008545030738077,-1.5453258839487425,1.452719929720777,-2.8298352496360857,1.8594428608058255
147,6.819937612233806,-1.4100178907237029,1.711668844873717,-3.3287687852496908,-0.10789362369274871,-0.9171369206139061,0.1473370070529247,-2.2860918308157,2.2033423520110333,1.2334727799921148,-0.6094584714553297,-0.20185919306783853,-1.980513583289334,-2.0718738157365446,-0.6754051501156252,-1.9147513746526552,2.1327077859159242,-0.16416884327768733,-1.4477677359658643,-0.2777569096134968
148,5.164110899248478,-2.853393533521488,1.9941789788347248,-1.8450361393435428,-2.594163875688932,-1.145595604013468,4.4659671170924735,-0.7385638981648127,-1.0990758159791079,-1.1439816812100714,0.2534424930894278,-1.76069397410297,-0.8615167797723036,-0.8179355120578014,-0.5575781795962176,4.480362870488274,1.2154158509783353,-2.101906118200568,-1.3543765180991694,3.218998425168609
149,6.054224955307741,-5.561723033801736,-3.60714285484189,0.17885143770476947,-0.1883015752728561,1.2036128050149126,-0.15733365294901483,2.18417154517157,-1.6324773978309361,1.4868444202581295,-0.0294368978604706,2.0325526594331365,-1.1503367300402911,0.6647476076636103,-0.5399967687587887,-0.725384409793291,-1.391978306567215,1.1863176641990554,-1.5357799652528437,0.993985950947402
15,7.058288076067784,4.109203931268591,-1.1500439865323524,-0.09074900167509892,-0.8093315091102113,-0.12008305340399673,-0.3857695036945048,-0.4736802820581507,-1.3671994909287415,-2.2285670455241524,2.528528167046627,0.10903768677743989,0.6266684619203495,0.6674734841842154,0.4236701751572841,1.5580797884962456,-1.3456683973591232,-1.6037930728013707,0.09491846555851474,-0.4956659474766153
150,6.383834787788787,-1.9897365897658246,0.18792901479796398,0.3184656293245004,3.8068671602861204,3.0965708289879537,-0.5512616366989641,-1.8013297827380002,1.768482258421002,-0.9056423393945876,1.1835803943418253,-0.9891651077990531,2.55357113733578,-0.0352081169485427,0.09036367387894136,-1.7111081869497067,0.9853706345654291,-1.878314163252904,0.2307440706358292,-0.4614551935168231
151,6.863537747111507,-3.694255603350358,-1.6138384792871436,1.334051326514533,-1.7101439100761806,2.8066797289365946,1.5989982163773686,-0.5506576430814631,1.4332462948927964,3.1358075486314405,0.24538075307040297,-2.617455346425511,-1.4774772077966891,0.8046751308325917,-0.12819064059945384,-1.6462875782557544,0.8809597644098794,2.9547950490558144,1.2372383117299193,-1.32328532855096
152,7.103936472995665,-2.229767246750948,-1.689371563727483,-0.8254663445766381,1.7256295821553964,1.4386835844680366,-0.5030940453867301,0.5926287483336442,-3.9793642546002537,1.0634019153533558,-1.1993589773441586,0.9755671175326963,0.08965118760625665,-0.3064651408132206,1.0811268104750997,1.4111550188940205,1.0540410322034555,-0.5601411956755815,0.18291068575162805,-2.2300135585114678
153,7.149006711630166,-1.118667678784448,-0.10260042790808334,2.2727144578006966,0.22140727645011385,1.3544011582036097,0.2851568698074568,-0.40790477174002027,2.1226525965394556,0.2033444669575355,0.23484086777345303,-0.2058006957434576,-2.0534957741377164,-1.2158517222891567,-0.1286969389889877,1.8757161906060602,1.026139138234092,-2.18532442114169,-2.521155430801123,0.3529187814785539
154,6.9583028585977456,2.903410171956204,1.8492422492346465,2.2719188101305656,-2.6793111729134633,-1.753857144030686,-0.8145948807372387,0.5505551538853909,1.5395664726154856,1.2207790699501275,0.25079045939634603,-2.111661603025973,-0.41601845039826085,1.0421628645280263,-0.8868024936778365,2.3650645146315137,-1.8942418652201738,2.902125408083582,1.412574211780063,-3.4882947783898226
155,4.986357038151198,-1.1603109870872845,5.830676005375484,-0.7460584557024639,-0.13968607201960342,1.2306859587735532,2.1222602217264,-0.3965277290366006,-1.4025385968690918,-1.7845936520862082,-1.5776621097012602,0.25529964136794836,0.19210773074437762,0.6226425274940393,-3.2704935845730727,0.8726556001770593,-0.2548708509512987,1.4962109821831073,-1.4772605156014649,1.1322164081037414
156,7.0702012848853055,4.4310159489084695,-0.22657392481133287,0.7627286528068311,-0.26274412734814817,1.139048981457246,-0.25813708447013384,0.7968313616340128,2.603981011828451,0.5930301348015887,1.0061542304099853,-0.21616144427330442,-1.675216730318097,0.5574856945466751,0.3680301640168135,0.22612959457495185,0.08053846435650627,-2.2510533715914907,-1.0486790770085932,-0.8016917051555013
157,6.966239014337026,-4.215284115739717,0.24878148895853114,0.5300465217009354,-0.3363673854014378,-0.15655560410045688,-1.2367084359256375,1.3776136029498758,-1.6400227706154287,0.9811745252378092,1.7484193810947806,1.7789252658741015,0.7200947216026902,-0.8312391305840459,-0.5399025253545953,-1.3213703749436303,1.1156628129401978,1.4289427686630078,0.018908070161102297,-0.24875051512771962
158,6.622369482598408,-2.86510884421906,4.516746154440955,-1.7650810095486487,0.654510374239591,0.8228846398791101,0.9791148088261541,1.1488885317349324,1.3587725796714365,0.80206011109083,1.4288867519215434,0.7229808784268603,0.6473131336059075,1.787382298627112,-0.10059094921465309,-0.49852604817975643,0.434643252415188,0.6558769833602669,-0.3191890242399673,1.2024999537561758
159,6.576045686944525,-2.2228911507967615,0.20158731265773167,-1.7352930514605167,0.07686235072416517,-0.7864315541360926,2.7315726758071084,-1.9783926872526916,-0.16791062123811085,0.36093423985196466,2.2426263619410935,-3.9245137539688235,1.93882176243698,-1.8285336913442474,-0.5776692868614233,-2.5122656669386503,-0.4380203355088008,-1.8752407142351464,1.0375065569449355,-2.6703295900120367
16,6.4855427245521815,4.6473724175187385,-3.3922769884545945,-1.1856810948500298,-0.3427626083646559,-0.9945615067693122,0.778650729108979,3.291415451448555,0.6649929964441805,1.4056750132281888,-0.3662218908526206,0.9197752453165521,1.6107600324864162,-0.54355050644873,2.1299040990770735,0.6797659182030305,0.825132924804141,1.2467031066639724,-2.1568454209506713,0.2449378068687181
160,6.762122119049546,2.001630882132393,0.3120065773026835,2.2738746785770543,-1.677042266737025,0.15227396529297463,1.7070427172324618,-0.8321746385464236,1.4811465418876928,-2.579493222497736,0.2029722340382698,-1.132477097075662,0.19866715791531853,-1.6251018724519253,-1.601059820962765,-0.19349129006081933,1.1336034498793186,-1.3183923078045154,2.1307988960917075,-0.7421342020744125
161,6.831309368018454,-4.11364854675482,-1.0804638712886576,-0.6335459410550051,-0.6860805842535007,1.5707444596305313,-0.9248628861661179,-0.9970456455436698,-0.12441914294230838,1.1709336390777223,-2.7040670851252377,0.5189454177779814,2.314922969631435,2.9007869959785095,-0.24287207648632725,-0.6043163141477614,1.2864751467721693,-2.715345497806767,0.8846530205983869,0.8424287181564655
162,6.2307842389509265,2.948983226516866,1.6780798369441792,2.8597337140438652,-2.1709420155170878,-2.2585390188659114,-0.615740403818988,-0.2811864539640444,-2.164588721046968,-0.5858463346213052,-0.08012000344382908,-0.2447086710467507,2.4629577726795606,1.6146838837059745,-0.21422000009983483,-0.35099792345988523,-3.492431353552048,-2.4681931785244626,-0.15274912647298833,-0.17072068037843935
163,6.7629687772333265,-1.0497793296012423,1.53683629655711,-2.7158430827224924,-2.323883757264708,-0.5310559381002928,-1.2099792490943453,2.9094736408247757,2.998789648927981,-0.21843636550751167,-2.875862697344465,-0.9820719180056978,2.405620414542513,0.5927487190197125,0.12675303231810148,2.301680006687569,0.9238144110625547,0.6773589243335854,0.1838740807983115,1.1055519282976694
164,7.0056430141176875,-3.1817975570428603,-1.2408492754303397,0.625155820391048,2.198263319513993,-1.966158225870523,-1.2889917044634251,-1.5512558260352272,-1.7868411062987128,1.185282620453024,1.7547062709797376,0.3998326649995055,0.5977283820804127,-3.2807552122870205,0.24348759952761284,-0.5301772886093268,0.17340830192569684,1.0758064240771499,-1.4293196034137996,1.4065050698574018
165,6.910565800311849,-3.1005908622358693,-0.69841273437717,4.323212844219431,-1.146868557158841,0.3370107428797854,1.111376041267028,0.16801204953294868,1.9552563854110379,-1.8739541355052611,-0.7543003624388506,0.22203745773787498,1.9490377902343468,-1.7611125975638517,-0.07482922891056809,-0.25710075008967664,1.3123391390712267,1.520176097862105,0.08917766803462357,-0.7164106749669941
166,6.928366164507386,-0.2162625492182554,-0.5698370498983529,-2.012065799848951,-0.3770762775032662,-1.5286348837678019,-1.0339238447071453,-1.7641523227152214,2.670455409697065,0.842460299994175,-0.7019735519605996,0.8743789469685422,-0.8385423875874118,-0.5926068733071097,0.31810541137290266,-1.2573101065490404,2.0344364307235794,0.23123478268488154,-0.07232791346368105,-0.6260213783108549
167,6.512382890051543,4.242482383160736,-1.913824614034254,0.16525673458129675,-0.6407718501935881,1.0975002212259908,-0.11284256417712515,-1.5099070539702613,-0.16141420329275752,-0.8260792789008238,-0.9619293606672237,-0.8459268616728862,0.21577158838205304,-3.491510559081111,-2.473377265719799,-1.5471975913582683,2.1026521560537623,3.5403106687685884,-2.2425732836990475,0.45717615824575536
168,6.604724384177672,2.4179343638356627,4.098003871854641,2.730642634567146,1.2726651778330522,-3.172783906401575,-3.7085096508472053,-1.9821566857237245,1.3547646030929608,1.659324174108268,3.457880975959746,-1.6016267440912226,2.0086177568974626,-1.5127688804149366,0.4951210346021796,1.8154216530027718,-1.4577023051547093,1.9732764307718913,0.4983913751014754,0.6530457186218609
169,6.292060054160642,4.322924015950558,-2.154879331093444,-2.4671987079597537,0.3590341455529223,-1.2466803830982287,1.0181172486666008,-0.15145204419803548,3.206752118290324,-1.3525372373687652,-0.7422930099836952,0.7761525601368569,-0.3300024123865419,0.8230559217407256,-1.8715529749210749,0.28458564290052846,-0.4877385389734409,-0.29580055871038624,-0.48161946262589317,0.7074706845393781
17,6.521912198800731,1.8604822295605818,0.40892676167759784,3.822738920899822,-0.7264023559849719,-1.7842178697284865,-0.31306301608232867,-0.7788214420888311,-0.5606619028726686,-1.4387688203180247,-0.4283993865085283,-1.7792484915709075,1.276326820109416,-1.002294286264438,2.786458911259616,-0.6424711379630033,0.19696243634182603,0.792402960108888,0.6023659841518023,-2.4671623955125055
170,6.622351922569125,3.783370464823311,-1.2626366916668124,1.4618156673609104,0.5042792944448644,0.3161455372701691,-0.8108123452876892,1.8136258540844388,2.5461698601278666,-0.8882931443582871,-4.2948280560633085,1.9263416844084869,-0.7709413024686806,0.36216594423681037,-0.49133893620288527,0.20503226204130276,0.7788787443911611,0.6854205900702036,0.44976336290276286,0.3815189393377824
171,6.783807731550738,-3.149469576626553,-2.481432394932265,4.38386638980154,-1.8531849253882986,-0.7029717726690936,0.4803720232555809,-2.6465056374327767,1.184752731765896,2.108844879147669,-0.7458010419619608,0.44091299648842486,-0.5143408617629341,0.5650865569570874,-0.9093855461605937,-1.254685824291497,2.143383570942211,-0.07107318318531153,-0.33245938880860093,0.7746059584001422
172,7.075201624923103,3.0829448480310835,-0.27269922148103326,-0.3771060913326112,-1.1444182339089264,1.590342555234616,0.6710663090426985,-1.8212115067716463,-1.3109662438514205,1.4235186641699549,1.2065983964933178,1.9677080068472312,1.0626715113123981,-1.2529353775567142,3.464948511196247,1.9610628681510345,0.40023395565791886,0.10144597485922571,1.9097171498496697,-1.739377143345806
173,6.614023500821785,-1.795821460921184,1.2910618236429507,0.6207057786433849,1.1149062844879518,2.610790430307716,-0.10316790851853574,0.3372382681530617,-0.6481105302198993,1.6383372347410146,-0.005858108917536117,1.1780037441181994,-0.8003050793537612,0.2389832767075617,-0.1108081019097496,3.526254181818658,1.0221547310474135,-3.4430980704511827,-2.4712910121798473,-3.717688727993436
174,6.9108453011153,-2.298116926996713,0.9597199424265174,0.2843337763909227,1.0779958079080862,2.7433827587892816,-0.5700463213100464,0.10142291289633598,-0.5718776887693711,0.6389778394414293,-0.28493951633096865,0.34486421545538715,0.9723900666277346,3.374615803190096,0.6634426959640514,-0.41357285957202755,-0.47205486004545605,0.59912783076942,-1.0361863687697266,-1.2321201660299974
175,6.8938882354100794,-3.636889096457992,-1.6988502341068894,-1.1479284445499798,0.23386359726813408,-1.6598865927247615,1.8563765016508058,-0.49826141439361527,-3.4429732512850375,2.034978823767887,-1.0936130650523708,-0.7012159785078107,-1.7988513668323836,-1.1675645997720439,-0.6265775689141119,-0.028624488133273722,0.9588775720457099,-1.2971223796120261,2.1981799863559766,3.984557368095156
176,6.609735752732153,-0.8034702068531602,0.14676162633503007,-0.970693575037171,-0.22672410649656483,1.797523761291092,0.5767397363329554,-3.2262028532907694,2.2897969846642896,0.49216249815332,-0.6182908314071033,-1.4482509288423344,1.3499044092067418,-0.46040354887212925,3.635335066735842,-0.22278759129230907,-0.7019734639244539,0.4266888007347466,-0.10908010838329851,0.06778207589585977
177,6.221603795066111,2.4998211107593757,2.4285280359333883,1.1970508829977202,-1.6372608570628422,-0.04677253801468065,-2.036575654624049,-3.520066442159284,-0.7564350996864329,0.22870217975745336,0.15576020221114378,1.2176008327855266,1.5880724819145011,-1.5471559416420977,-1.618855649147078,-0.94998729012549,0.6015352739089959,0.9159900961430251,1.3230756995741018,0.7704609198023016
178,6.604450082288118,-3.293556802413012,0.20037556885625257,0.2647980573844178,-1.363797211898539,4.160706583229137,0.8895281062447875,1.6428671557302308,3.388296943457916,-1.467380047225417,2.4747017512802496,0.8635291581385494,0.09745881185288174,-2.035718118900618,-1.931811280833867,2.5823778219855336,-1.0832071552288451,1.6031691198587414,0.5848633810402615,-0.81148692775341
179,6.857858150667135,0.7481716846889528,0.23497847544006978,-3.4006056058858043,0.25819461450308023,-1.8224941208638556,-0.08825873315975552,0.07617404654223675,0.9379702497803015,-1.5707702167176336,-0.7466086124311928,0.16261945091019306,-1.9128377081074046,-1.461423122865326,-1.6815799725906753,0.2107590259602652,2.752819733981359,0.8262466343525752,-0.6056248801710497,0.9836448881031947
18,6.1110690044150715,4.115391663314513,-2.2927194808184406,-4.436145697191289,-0.7629355891851756,0.6577344583372775,1.0243118596043657,1.059950977380373,-0.802774123080958,1.0376717927642924,-0.5325650420667025,2.1989783639684894,0.2545784221069781,-0.18940597466111797,-1.9604177112562753,-2.7248963069974774,2.3419204988207913,-0.13452747554557704,0.8661189199847892,-0.11512581995119657
180,6.555435125299529,-2.814873891500773,-0.8110897186707393,1.1765630098754651,-2.4571344590772686,-1.5193224330778008,-1.0488276395126914,1.7418762850004164,-1.4698822480701275,-0.5372110296254301,-2.7558107524211444,0.10910630021479806,1.723845530210717,4.107176032887493,0.6858082533040256,2.4181812787929777,-1.6632556078134009,0.7257434682517483,-0.5558739397185801,0.6174469859533486
181,6.779029465534596,0.2449550573622553,-0.39617486281556796,0.8159253510998079,-0.9727154500724736,2.058912210819276,-2.694971360418105,1.1079538870346628,0.7275356222522101,-1.1956032026259789,-2.8140838532808266,-1.4081040065682418,-1.7486883542294707,-1.187565820343552,0.26808538412360783,-1.98923255868008,-1.573192328018842,-2.2669530404936795,-1.68555302119724,-0.0824331946997433
182,7.2062886254223955,0.9813415201954925,0.7723928925921346,-3.445245490337518,-2.1135391825421213,-1.830013851449031,-1.5452805099299112,-0.9908481957248156,1.17643034748136,1.33420322282673,-0.8746742383688704,-1.4745358793937746,1.7228709742637405,-0.6728939807690482,2.040994463209109,1.481559264813832,0.8386964398483535,0.3071714482505036,-1.2719491177604734,-1.5085782006668473
183,6.781521989862501,-1.0521156368597349,-0.26718404199128165,1.3376413982279503,-1.2562795365919985,0.6851487179699214,0.2186986667665916,1.1835864546030082,-1.1310976548260505,-2.3779081370222825,-2.323283831425981,0.9526444459792549,-1.4875847074027821,-0.5688348848227811,3.524563657965948,0.2073958831923896,-2.2016927131310435,-0.46515037164729356,1.4936725930256947,2.451547549757745
184,7.053029135996841,0.5606507468051785,-0.45568075587351864,-2.08312077771462,-2.137887952197952,-1.8522769725091015,0.19448015199946328,-2.019719587083446,1.0479924279630097,1.9722820897710334,1.7790633704748462,-1.7492494243525623,-2.9979684411516434,-0.9373727473164379,0.8446730678362935,0.8156570012089828,-0.8023057041259953,-3.008865428187865,-1.1200528385467563,-0.575629320999481
185,6.576919641623025,-2.290832454486967,-0.9697619154624213,1.8424002848799952,-2.0036335386577138,-1.0024053349173643,2.027577098335559,1.2343822354255907,0.6847850891455443,0.629671695101523,-0.6066473467594264,0.8146860473269625,-1.3001108826628094,-2.7930403913776463,-1.6249640346799954,2.737937872847395,-3.907041454678259,-2.729319645500306,-1.763187238302971,0.2758329930152983
186,5.990615579408691,-2.33366576504591,1.5142864194268335,-0.795852038046721,-3.9662850703993398,1.6105232262819775,3.475237852282885,-0.4909644132985754,-2.3718682205714416,0.4723253945702792,2.233591542651628,-0.5766379285416356,-0.762657364803466,0.1304003614844834,-1.0027386106020575,0.8760305313293761,0.9334277738281723,-0.11605242688604413,-0.10882690991745209,-0.006687194290254772
187,6.947517639299338,-3.2080999164663426,-0.46149688402363515,-1.8846545906704837,-0.9456863247587212,2.4479887815339203,1.4156717394296348,-1.3547150833968244,1.4431602307205735,-2.6772826243131482,-0.3062669634418893,0.5166873489224543,1.7855957580236304,-1.3540789788604948,-0.9410837448176899,-0.2755739575406596,0.5756733007421899,2.9537591934791,0.4745002370773292,-0.5533448627208059
188,6.416084774333028,-1.6598539438098592,4.456364355950564,-0.5775468357334833,0.04490600008191681,-0.9673019453138393,-0.3084453529015083,1.3785530105376074,0.6012770728905819,1.4094277747770483,-1.8497587752476539,2.0405532581876016,-1.4213199367049154,2.7689243878086396,-0.4520213829375541,-2.0975448163014208,-2.0416860009121547,1.74563969703141,-1.6258876410752905,0.7254091964038938
189,7.070882801457007,-0.33204217529065116,0.12894449511712103,-0.04291308630882951,1.9650081190020103,2.071434581617482,2.011960832450473,0.3677439643291752,-0.40316523324521,-1.192132815106697,0.9816943413461374,1.7328286783132725,1.5552429668299408,2.094563837148659,-2.5460362854555747,-1.4435428426543528,-1.1776209364419443,1.0962052789589192,-0.06189316569479483,0.6045046431713433
19,6.433088850838171,-3.405426475819062,-1.4653131012853358,1.4363636868695684,-0.1900120667142854,-0.57463049174061,-2.6783611967872814,2.2926937104712586,-1.070341219014367,-2.4499258738462872,0.27312430860423764,-2.9622631496735443,-0.7269098376813995,-1.5881049572506472,-0.27317765803446226,0.0689292143742325,-2.2364995704510857,1.8236416113755975,2.1674152549833985,0.49001947431158177
190,6.359046891493693,-3.718130379652646,-1.531303042136571,-0.209278150326127,-2.870129769771355,1.7459918495220368,0.942733681919884,-0.6142054631367039,-2.668695871952261,-2.3733047507549574,-0.38572629620875476,-0.5229196970852544,2.419049351771656,1.4241281386137128,-0.061463081933124775,-2.690981898760688,2.059709046181369,-0.12257433560615483,-0.368892789557764,0.2519858525310208
191,5.602700198130789,-6.901853175961421,-5.119105846957181,0.7294332051060989,0.10761117021032712,-0.9582119303744816,-1.8306964150931058,-0.3673506646475362,-0.8073744331688313,0.31676790840527697,-1.3690347056910621,-0.9546141642255244,-0.9689037230322861,-0.5901527939132339,-0.30016773217544185,-1.5877953723630693,-0.5576187266381194,-0.9052508884140296,3.0700904790544095,-0.39831856048838643
192,5.87750452073482,-2.7188709855638313,-0.4698875036563857,3.5245369996364935,-0.9448488180756968,-1.1308142339649159,0.9235201573531442,0.11026589764366565,2.226532098228059,0.6221872688888165,2.3455816448807894,1.7423854160160963,1.24628694013286,-0.6461173319037288,1.4034639792332289,-1.3803347203205485,5.174467238032829,-0.684822112457834,1.1049626463750626,2.662172962258929
193,6.690863476688736,-2.2648942869966437,4.449867885863824,-0.5895029132994289,1.3931402372895616,-0.7511643359903385,2.1834969254855787,0.1928578543049081,2.0982760009802317,1.3035566230051312,2.249790333539927,1.818939772588598,-0.58125970974594,2.8399960701957667,-0.3280447227564489,-0.6859603357033442,0.4514717264660024,0.8675083330167999,-0.04238671022361978,0.777887334338916
194,6.788584487934527,0.9715477059016763,4.337376366731349,0.8025670645324487,2.6208221978302197,0.278329402387357,2.5818329725302873,-0.4479991422143824,-2.6857485659982387,-1.7688573917588999,0.6056965677535533,0.33777424247876653,2.4324389484684006,0.2012688681264364,1.301486355990722,-3.3425978681496007,0.6903165735619828,0.7352968741323517,3.6483550260986215,-0.8423695531492514
195,4.201934645693138,-2.646262654587888,0.2263014233831584,3.091718858149892,0.4092269185706272,-1.2746442732041827,-0.2391041283229559,-1.9756846520437186,-0.8328808937601743,1.5227567721204838,-1.5437582112868313,-0.8054836854855101,-1.4956563779581078,2.1751795138311354,0.643085267073626,1.8453563053948951,2.113754629979624,0.7370383634592177,-2.4490268339030186,-0.09572956453833435
196,6.689324389703298,-3.16234014083534,-2.1547929653393654,1.1007648790918356,1.689529611131988,-2.2970804817124515,-3.845649487376729,-2.519841954523333,-2.5959665261377705,0.1723382330936113,2.0028652713538126,1.059494964678815,-0.2077686574509049,-0.9659573863211002,0.07666384310464067,-0.02220445850585412,-2.2409163005141712,1.83715494690992,-1.3012276305549904,-0.758357004096852
197,7.01526819946592,-3.7826179281498007,0.38442922926700673,-1.9188804366352437,0.20874810796475374,-0.0056526557718799,0.379022275514304,0.24423699252449282,-0.9774295205529699,0.3656976348536766,0.15699331836339883,1.1012294087494867,-1.146657066174038,2.0871459137855366,0.3831740151949828,2.2054261336522516,-0.8580605231710116,3.3708207503173004,-1.2293675533952038,-1.3283620922113486
198,6.586907801784649,-1.7453668405559501,-0.06911815186480301,-0.9772785286340497,-0.39196118620117476,-0.94601518139945,2.773899832893526,-0.8499594501307927,0.16006593294228064,0.4343630331677259,0.5729759854247296,2.438546322982799,-0.7315460816681276,-2.841532505765933,2.395598453578919,0.2625910952091143,-2.1998854017860796,-3.3661419414969758,0.18854863014885737,-0.22198257297859503
199,5.411280295732544,2.3403277539367053,-0.06554791927623466,0.3267075034812226,0.5531218518750357,2.314715072683148,1.2805605305711891,-1.7325786881714398,1.3588648832319283,-1.0188371566105365,-1.889170830905423,-2.2480589261162613,2.7332488112465327,-2.1096552149081162,0.496268841979308,0.3526537694135453,-0.15895223636816602,-0.1581273032351711,-2.9534709121625538,2.5021077788758324
2,6.896938531817543,4.160845783174686,-0.8679271807632716,-0.8571701693219229,-0.5733578833058481,2.4588900219265817,-0.09924798486638586,-0.9496334300362015,-0.18611897008650632,0.4991902634364351,2.220832696619884,-0.760210233214586,-0.34311658830599234,-0.8676030277793632,0.2776612961671019,-2.195404240156205,-1.5092974159587391,1.5823313617242816,-1.8542932053027028,0.846118184216109
20,6.602328458883909,-0.640895779004263,0.8288851648816253,-0.4793615817341794,0.4633659757456735,4.9304540431280675,0.8222563345558835,-2.491006331325366,-0.13723622464237611,1.592575876558489,-0.6490529806360626,2.3037381135295387,2.632297159713036,2.0274762942187463,-0.2229525610426341,2.003862184844327,0.12603957858821568,1.2522252240554939,0.6288020335330013,-1.3862626564877834
200,6.872870516672499,5.725489460231897,-1.4108111900024083,-1.863160858269112,0.39908648540527364,2.841670983935023,-0.28469318160818236,0.1280730164287891,-1.3080541418734342,0.18525420295692735,-0.24743320351893167,-0.3365493586026174,-1.2020926603256878,0.3976838710345076,-1.0170286726752817,0.9391107374538012,-0.7488434798441203,-2.69442036314704,0.7134435138840952,-1.6899608812047573
201,6.852983489675674,4.802713999682752,-0.8812462595193786,-1.5618070743557344,1.3308975788515083,0.5074346599221016,0.6035880739659609,-1.7786725816591569,1.1220594366941528,-1.8815574868804643,-0.5932929244413498,2.7062829471760965,-1.8815383340136402,2.6362039487986983,-0.13831114084440327,-1.3584269229316193,-1.0244958170953524,-0.8333371965239227,2.220497952315993,-0.76751918973632
202,6.825304453739671,-1.7890185526846318,0.27543383290701573,-0.27402442396729737,3.3992228902252357,-0.16626499852788812,-1.1509418832004819,-0.4813357218980976,-1.5005106307541745,-1.5661328721318775,-1.5529870105088615,2.51040975686528,0.12722018350373687,-0.39376876731198346,0.5543852585821955,0.837329323781169,1.4262044276095567,-0.5952819322654808,-1.9162228236267629,-1.330000997322894
203,6.726716318629769,2.7588064701154478,0.49876296891285693,2.394950003624581,-0.2400730496703274,-0.06987620811469156,-0.9206719281175562,1.0973147385604307,2.37769034316206,3.6555769840786363,-2.276734297696117,-2.355280109388241,3.3370096426581837,-0.6469262297827716,-0.2533196997308591,-0.08230273727440962,-0.821957190905727,0.3571950377073545,0.18277508029758754,-2.4442512568065506
204,6.559792359270483,4.505358939533567,-1.9754331551121138,-1.9009408419100564,-0.602185840013949,-1.026624175451249,-0.5180206741296662,0.20096416020455768,-0.06924871439525912,0.015504873925176188,-1.3624452852242168,-0.07756593074657503,-1.6047425063646736,3.7570054120891863,2.2987659707579327,-0.04470258334508892,1.339403469079427,-1.4579261529636034,0.9726584888069891,0.035780446928428855
205,7.119589960465972,3.823272309773455,-1.359105345295735,-0.5626918855503995,1.11088482174066,1.511560679219666,1.3142903556718706,-1.457922819880555,0.4985528756672337,1.7240590664928956,1.2869572870095554,0.15000715364514622,0.8334841226449343,1.5346251036626366,2.962195497272432,-0.7331021777105231,1.0416881952791521,1.1457541671481568,0.45785700558619075,0.6703600375354984
206,6.222871085698198,-1.2307971136230527,0.6637041859745695,-2.552773502114982,2.9842711711993255,-1.9256451944784652,2.003893091281742,0.9564192615453775,-0.6976761966351049,-1.5600629705008453,-4.607917962585709,-0.18844232098385372,-0.21946143670001145,-0.2310428952758754,-3.356158233741391,1.1709499267948795,-0.8240268977649093,-0.2769256492248725,0.3840800603432637,4.159220483270652
207,6.537142187363905,-3.5758726781140275,-0.5223871548952229,0.9874064739139236,3.437989635100986,-1.279729018974642,-2.433625002456024,-1.6531339360848554,1.1453915509672925,2.525113714151958,-1.019950700191881,-1.5508168388578707,0.08473540001077867,-0.7267020909624822,0.8071682705458713,0.7278552253437045,0.2749685000498101,-0.12387330202056909,-0.038133873633092674,0.5588537191087809
208,6.2284254526288665,-2.7721052510357658,-0.9198315032160946,1.6729814653873913,-2.1796322081125243,-0.7991202874630081,1.0074574076175629,-1.935841364881362,-1.9796479762165142,-0.3721720038945381,1.655751680577602,-1.865816604568145,-2.1110076926268806,-1.3370130509659637,0.5735808842588972,-1.1497707602572005,2.2860126456932037,-0.715177358101695,2.9487641228173223,0.7416851720124559
209,6.7484641797527605,-0.3110716980180034,3.2726453979491428,-3.760590199323568,-0.08500955375154473,0.10889072436650404,-1.5937788916232034,2.799411967127784,-0.925521818571836,-1.1647261759187604,2.271808061139258,-0.6647483821505228,-0.6791333859890698,-0.33462060724472176,0.683729930679685,-1.63949231850088,1.5185900057581887,0.1850244742568775,-1.5598802639146157,1.6003177764553784
21,6.114912841844527,3.4340347112961815,3.7819242541783393,0.647217408914333,0.917256348626712,0.051115582153985706,-2.1731530329823907,-4.826763943225441,-0.38176053953459205,-2.106625890182953,-1.2618131907842531,4.379123124265657,-1.2048912103407392,-3.0564447020876653,0.7355196316481925,-0.06498440385176207,0.893050617304572,-1.278521812206035,0.3647025822593323,0.46155732684278217
210,6.086546742059154,-2.6092202885029137,2.7707662014744274,-0.8821115973898467,1.233825906779508,5.270431625434088,0.47418075818119826,1.9108873324822593,-0.2946249348482153,2.0910857043543665,2.3247159386255043,-0.4665634179020922,-1.689330832801527,1.3320125691137192,0.17786705670006725,-0.4623599902753388,0.7847263765385758,0.8523754870145305,0.2047211873167214,1.5106942705712478
211,6.457828461254172,-2.2712240984984167,-0.5067018935514997,-1.0022534774984595,2.935803331380354,-0.3098543822532328,-1.083431008935113,0.9396974316440118,-1.379875055537786,-1.6476184710492645,0.7884841664826993,-1.3617269576672946,2.640875956060444,-0.36956793707479985,0.725039342186503,-1.2282910374898548,3.417518502382486,-2.7711220799937752,0.46851985868615653,0.5742023061583378
212,7.091563153476143,2.7569370504395194,-1.8997312430555096,3.167890269141081,-1.3435346412861593,-0.352728058205954,1.2365145412329799,-2.760361621484261,-1.0713076492832008,0.1352625852547735,2.3401559275321753,0.5556121857861787,0.0447180836720149,2.513034122201338,1.737725790264285,-0.9146131957483532,-0.8460634825783053,1.0921271760103428,-0.2576451636290117,-0.0019086840612317357
213,6.961134225378621,4.167947550339186,-2.5327581066983926,-0.6209388587747777,0.4752774138816749,-1.0691281547698226,-0.18000685027876087,1.7565490411049556,-1.1721968950158275,3.400376948730597,1.665700635593292,-0.23340942262280362,2.8574628300462357,0.23005275745870757,-2.0751172944916494,-2.1114384089254945,-0.867137621676487,-0.6612111504930342,-0.8842853475178536,0.5047379845967395
214,6.3846070383469655,-2.4769911623275327,-1.4276444095271545,0.4100902199670565,2.778432252575441,0.5826332497400089,-0.12802309436630543,-0.2923026945584491,2.576535549581819,-2.2254728927517027,1.937072713652336,0.9314931531141714,1.8778546052897214,0.9148299504655463,3.1622039683807253,-1.4172798193869198,-0.162602171773645,1.2380531359153153,-1.6920580882347211,0.5375136226407083
215,6.88336844964187,2.5711182445874363,-1.577807104625836,-0.35318517266764193,-0.75922195743402,0.7118165318754198,1.2128315724780583,-0.3053922974004037,-0.643344618734327,0.15882933269610397,0.7849003099642811,0.8751486904203423,-1.4914004175043263,2.0486225488778422,-1.0758611403597165,3.1363317269955093,2.034568758552381,0.24260167235647545,1.6404473431893416,-0.8369773413450119
216,7.274791162523828,2.78756617748053,2.323124271085388,3.052968361457177,-1.3332159373624712,0.5495031587204254,1.0749070306081494,1.9559860205277948,-0.02860115063042895,0.9915293884748837,-1.1953748893981182,-0.37912292753727783,0.610457824922225,0.4020872930224505,-1.3825245723891126,-2.6057341455191043,-1.851544509148448,0.46215090496496675,0.7855024211038364,0.1104412618484437
22,6.387296117553751,-3.3299306311028305,-1.1147279668468884,0.8606692052862377,4.689921418860715,-0.9200662947086838,-1.4527089825834352,-2.774290081167762,1.0915488162343687,-2.0176946007582073,0.00992951696442515,-1.2915920211476966,-0.6863052073166447,-0.2535617679251745,0.6611981337914283,-1.4360214570961207,0.44834677958992997,-1.9294395097005408,2.4155146965442773,2.4200716802729634
23,7.018708877516032,-0.5100004800994764,2.1339108797294997,-3.685212200956874,-1.7128092249662683,-1.30971474986107,-1.1983068078571093,-1.34220715416763,1.2046306634590513,1.1215696100013226,-1.2342788839117005,0.03663575014414033,1.315911968905668,0.5947014489388704,-0.5557749795756333,0.6318262141594662,-0.047573996599314494,1.699735397549643,2.451793167278602,0.5016498029706197
24,7.012546058024439,3.6582165461177993,-0.9658226805575634,2.030385114068236,-1.8158563734143844,0.6126706547710687,0.4247442473208248,-0.2505459964388314,-2.4643901770441587,2.478349002995429,-0.30857008724147705,-0.2248812789575671,-1.7293545603426352,-0.07356828815734406,1.091154043579812,-2.1916622022707495,2.005102132623114,1.5987572005504695,0.20164528133911455,0.07941099316146846
25,6.3051860038948755,-3.090207680498625,0.7161743343204036,-0.4250885765434451,-3.6370929166987285,-1.302273658743221,3.26899726269996,-1.4533027986226104,0.7102651875864302,-1.7266607939156735,2.4416963059519157,-0.7152808304920542,-0.804338531089674,3.694212651315606,-1.696017663702159,-1.7515581293398328,-1.8034584005970367,0.07204738053878212,0.5738530377776255,-0.8746015472771149
26,7.0901316577435605,2.971574291024501,-2.2698946267722278,-1.0215044225835928,0.9262063802144281,1.3377000913503974,-0.9247605344204367,0.5461171866417287,-2.854890883942124,-1.680423189176472,0.8387945355319866,-0.2562651659660431,1.450477658720124,2.3253888547835704,-2.3177161388783905,1.2057302958716518,-2.475323940812607,1.0725740987322057,5.223504819685892,0.39139863684185167
27,6.8421102518253445,-0.18286507376353914,-0.003741440437278809,-3.661853112393082,-1.749677134780078,-1.2103587567685756,0.3672664045961193,3.1150155409045768,2.415853398993996,2.27533117883517,-0.5045353101193234,-1.2295523105729242,-3.2631571820159366,-1.744435786678355,0.14544501187194947,1.657074477473835,-0.47424070980726546,0.6242390615690139,0.28854778399002706,0.4917317839877546
28,6.780390656789651,-3.78049936269813,-2.1966880862508873,3.899747414521862,0.3773466172142563,-1.786106806141423,-0.034872590654261515,0.12169368369924483,3.019814183034602,-1.506812697716935,2.552095123812424,0.926176420247459,2.0904947984741473,2.4000639337537653,-1.6329981340255355,1.3611898893749435,1.2058713976808964,0.014189806901953705,-0.5229835359768342,0.8601446984974794
29,5.659066914231241,-2.3434067751989556,-3.2792229140797655,0.48169110378202856,0.72323329749867,-0.41733453526190933,-2.104687738252046,0.2099643652329115,-1.3291300217284916,2.407649987353905,-1.6967175544967925,1.2846442844384134,-1.609094064420907,0.2054808618329368,-0.17962510553152106,-0.012816900064653858,-0.3782923300135974,-0.6922088861949166,1.4711314099687476,0.6401158959364436
3,6.691660183113838,-0.1946000131589962,1.4341592110482804,-0.8731611669062195,0.3218489819305564,-1.5841181465740735,-2.43727342575752,-0.6189047897693387,0.7875707829232701,-0.5403683679493876,3.7872387244979375,4.528715267110619,1.3361713377365714,-2.746768094729435,-0.27244073908311894,2.4235129483338684,-0.5206853965977393,3.238339072033457,1.6441784924920801,-0.19327604793141573
30,2.7433280972052594,0.23679014909946416,2.651735956559272,-0.1895665521819157,4.433793874733269,-2.3381908263177063,-4.952174327123695,-2.4741783424347794,-1.1515229070879407,1.0250715281753935,-0.7330743900579232,-1.9985608288828463,-1.5100580064645972,-1.8976209811617064,-0.4742777784697581,0.6778805819929279,0.8017207350068003,0.9329392604319031,-2.477474027828665,-0.43353055418762776
31,6.5970862246414015,3.1274894270521987,-0.42327186162834285,-0.011194333992975203,2.018540236724723,0.6906692722762253,0.018757487981692203,-1.5019965139021383,1.0767218621262389,0.20918218418373288,-0.4390869411138455,0.9647761331972239,-2.1051788219881313,0.9974216713456991,-0.15925438381177126,1.2352022087627192,-0.7069035080863801,1.4432033615732913,-0.2487893413374222,-1.4843503606678423
32,5.691597703909323,-4.323738108320409,-0.6351310832044428,0.9244240118837104,-1.4646007319004144,0.7632996594883024,-0.8673291988139022,3.7307579924288925,-0.9394025667219761,2.0485056215058606,0.4944802508613909,1.310385306880228,1.2125730579194594,-0.5090389518287456,-1.5599676774921256,0.1789658469262364,0.14794079901686993,0.5496714229234245,-0.808618631278472,-0.34157793439557194
33,5.162432292116037,0.9740971551155428,2.931296322414422,0.8225089515159413,4.152724199104611,-3.19567933220215,4.5638137132537855,2.053721191162314,-0.010901104478923035,1.9393857956617446,-3.2739038572501054,-0.18312750149053514,2.2878070319796677,-1.7492221870462323,0.4945943050259183,0.16546912024676214,-1.946955150041811,-0.699584740010697,1.8586099623163723,-0.5399866831090456
34,6.958696082471383,2.7524615806875685,2.4024846329685254,1.524366446848921,3.5528901701964175,-2.37598891869199,3.3455255156858645,2.972308604814046,1.2635754396841432,2.5987704547532067,-2.089412434008478,-3.037464710220274,0.6805831430262465,0.8717546955832978,-2.418581137666089,-0.7595737803606765,-1.1196583250791594,0.7182173422109239,0.20050290561630935,-0.1819339263748051
35,6.160901825532725,-0.8692213055394226,1.8236039880733386,-0.9729388458440921,2.6384860147753413,3.9728835574361563,-0.31253268289643243,-3.506447780367594,-3.5621638778319085,2.9250634490558656,-2.788462824767124,-1.7942365171598698,1.00487484024149,-0.5019942834451786,-0.175537306393084,-1.5388232547019713,-0.03289529656940515,-0.17309432745624176,-0.6756376157749766,-0.2577105868100882
36,6.574486095384477,-1.593425567474354,0.14069767494451296,-1.53750638122896,3.2367234791367787,-0.16804747592169036,3.9847401947072276,2.7563152793254813,0.2635974542046017,0.46415900936062127,4.275601333840099,-0.4689174914465729,1.3262242644812972,-1.217642729240348,2.3065083145561434,2.0220634871926637,0.37777194093681615,-0.43253494704232454,1.9688579265919304,0.39593996363871203
37,6.798044378594317,0.7704731365112691,1.9177984840807958,-3.177260114344656,-2.2303319343384933,-1.4228394131987723,-2.005222353184798,-0.09085197121069977,0.20168796929049682,1.1613064889417222,0.7843134756163317,2.1820870934825236,2.52525606188448,0.2772190131912405,-0.264118208545144,0.7262348446325927,-0.9245158602237945,1.2602297878835311,1.4549829238107614,1.499673124812578
38,6.989123934909356,-3.867669811064724,-1.2549169688256814,-0.42110211250266305,-0.5133021886198847,0.6278173191659921,0.022226069913964232,-0.19876818573912386,4.196653769429471,-1.6152213270235647,-0.3999711162137758,0.3745641049284857,0.9875411924807813,0.2823307140679968,-0.9472733054027728,0.23089313173477732,0.19727730988537628,1.513432406216952,2.47934591741365,0.4538755083597336
39,6.689946326713763,4.708702916661309,-2.7475370298367126,-1.264222906840684,-1.4242439688055935,-0.31700253420471164,0.251290151395823,-0.3786901941019024,1.7316593149742665,0.8062260480574965,1.8719507267750326,-0.9024708916959442,0.6072333574992275,0.15690836445325487,1.3642159889208787,0.04061626849513439,-0.016100484137310744,-0.9401694770367941,0.41988088778847243,3.4267188287630024
4,6.8973244505955265,-0.2883079338188373,0.7386517354227609,-3.477976774484816,0.30198163214282797,-1.0468992233550243,-1.0369165260166273,-2.2028148289921425,0.9318160258845514,0.42841688718595267,-0.3612083932264853,1.4077216663025514,2.3819245560620304,-0.9681046051536586,0.4055045439630691,1.85080309044207,-0.7729831235591998,-3.676860271575764,-0.227034322258121,-1.1252253809612258
40,6.789938462711626,-0.5298354579694551,-1.709061868517738,-0.4853615748121635,-2.1429963186676897,-0.11840700173806429,-0.7071482772282492,3.067936532890345,-0.44414300741826596,-1.796762193535086,-2.758092979295462,1.7972591078814442,-1.4284797796335411,-2.8281725159316955,2.3497144163253267,-2.4101062855867452,1.4772871686357,1.7844467123199772,0.34973308413949933,-0.11199968777802333
41,6.440068216599544,0.2138709752802591,0.002221324046760065,0.9241984584311341,1.2727944122162345,0.864296060546897,-0.03830793311185543,1.1350473631937097,0.8582398994776754,0.2843035380476751,0.283900719533028,2.7076681809821346,1.2301903302083579,1.5210643832536577,-0.4573204105671018,-0.5885156339905842,-0.07302250893024714,-1.6713347986130325,-0.6204661026182933,-1.571341730767916
42,6.63475378262205,2.0653811845233494,4.00680852748712,1.796694147386735,-2.702359623883894,1.8407309658425695,2.7283373330049203,-2.9925600866470097,-1.6540249950123487,1.4116521873574324,-2.2575915460811498,0.8669010302024026,-0.7428466155404768,-1.6100338063700463,-0.08502521213777953,0.9467706935359419,-0.7532065389028566,0.09336448415009437,2.229998498641836,0.8187821796996567
43,6.756750289077376,3.56277419576796,-3.281517458255001,-2.9169535063253247,2.3456493590498573,0.8879910179561485,1.9750998299481073,-0.252747986237263,1.3973437474550485,-1.383522254783062,1.2688086101615128,-0.46908296934092786,-0.12283913636050764,0.7526526371879699,-1.3456386699338845,-0.04074115006989265,-1.0831717804483008,-0.9817634976809614,-2.5361722790427788,-0.34778551496581284
44,2.1385071287615407,-1.110725297319688,0.8373141800894212,-1.329403499952135,1.3657414001592165,-1.276228136284277,-0.7652923618166857,-0.5072899693573992,-1.8076843889053518,-3.0782636098965,-1.3466793184393713,-3.720628803891427,0.822988386928465,-0.6439550757015926,-0.21232698978053977,0.9799068751276729,2.5748067858637964,0.6456259892311944,0.5970488921108135,-0.23155610579349195
45,6.46557612303994,0.8711958818779573,-0.3030984138323119,-3.8960687837772303,2.042992334907391,0.817143332705388,-1.0051778875989683,0.805509221867325,4.057828222285382,-0.03256770055058812,-1.8985068699185033,-2.0362067222362104,-0.12605681950404535,0.18307479801347404,0.23527339554048793,-0.373955708828635,-1.3290212421855498,0.8340829428451934,-0.7994505167132484,2.643143105514336
46,6.489442008434143,-3.069326182480312,-1.4930537713853242,2.851373002912251,0.0395612922645866,-3.359005280349518,-1.0733863469305245,2.4616490428272675,1.717906824621838,1.1332327247739082,0.05859282250917086,1.0490327722253028,0.25751087099067893,-0.3027750022425798,0.6173026148487928,-0.6861483353873452,-0.4041141666838601,0.09785227461929974,-0.21175804708116464,-0.5678879159131254
47,6.865480578444321,4.641945720185198,-1.9005754944921496,-0.4991832707655229,-1.3887192082989464,1.579028048138534,1.0837936074867978,0.23300744199311485,-1.7615163871659725,2.2870439951764845,0.7279055154854852,-0.9306016650239307,1.6369661055611349,-1.0447272400509067,-2.171619468513662,-1.724382083887691,1.146802541480476,0.9403226773484832,-0.9533118469683934,-0.15160924825897593
48,6.588479103881438,1.4275314936370729,4.102315989993473,1.3731105778005521,2.1351584466349394,-3.70052898759661,4.232672948296635,4.288477066220806,-0.9026692983525887,-0.6523310778591497,0.4134267252879271,-1.6118416248695249,2.3564180088130193,-1.9151534117774895,-0.056244360514816294,-0.15694774162028538,1.2614321750916138,-1.4661608049591943,0.9960301008186248,-2.3023761688032596
49,7.282230082508086,-2.968602186968809,0.39759243089115776,-1.4872057689913436,-2.7535776211360807,2.0844782535186375,1.446192781145503,-1.568364144576405,0.8793923896636818,-0.5679901274377123,-0.042800515457033006,-1.4178420232521645,0.8198570233676227,0.3266190342592201,-0.1306592213099924,-1.534208860991303,-2.0582548038595547,0.8360114042951823,-0.5179564917549743,-2.0017044291550126
5,6.247292624906336,3.350523101527913,-0.32628009956570625,0.9677652602101463,-0.9302847809385041,0.2212338613994786,0.892016599597998,1.2505022423497154,-3.442319059780118,1.5923282876067766,2.001274948568756,-2.5823211486537323,-2.28851668372755,2.060272111192906,-1.1841750566577276,1.9116372888692226,0.9734161132871149,-0.22326786967530982,1.1430981614193416,-0.29364954288732487
50,6.605151380028595,-3.6255337987912903,0.35428777758949,-0.9881146792556442,-0.5158120737862479,0.8423199330794764,-0.0781399511877911,-0.22456115843328384,1.8694708955830832,2.2726572831199494,0.583800596718811,1.517267592145122,-2.4415629344315386,0.006326678339014194,-2.1429184045467564,-1.7116412017659388,-0.5255208681150634,-1.6401880245777973,1.1801991248954724,-1.2084590493678362
51,6.454604453389271,5.42094531350188,-2.380695409587979,-2.1822334715628067,0.2279006807472546,-1.432339520889936,-0.2454772421077207,-0.35954314876933513,-0.8980767569282937,2.140422655431072,-0.09250139919139172,1.2252764655348798,1.0238377032073485,1.3320306116986154,2.3273625957025117,1.8002276609695493,3.006754757304302,1.8572201200861858,-0.4018834367610835,0.5209202505853426
52,6.609087946876805,-3.6662266024293673,0.2626456762187096,-1.8581710319612703,-1.033414648588202,-0.1328172992773733,1.0980853378114728,3.2418136616339464,-1.0139027871406845,2.6233922683133,1.4313181745001389,0.18069221333348184,-2.4420389932254514,0.4591485231800079,-0.530406018566256,-0.3267463081765391,-0.9480640478964414,1.03573376896098,-1.2496858109896876,0.1580833654522409
53,6.779581651901368,3.693319323787601,3.1818430335098764,2.1923933720236355,-0.47878758936710836,2.462984883663554,-2.4714299440318532,-0.06798217849552918,-0.010461191112931534,1.3326803844297714,1.7314188175959895,0.5482314819661747,-1.0850523436294328,0.4673142808891585,1.167808773088964,-0.9285662713194792,-1.1641313697490694,-0.9849247953662644,2.428306883681552,3.300450664023973
54,6.415258168215283,3.531326032730364,-1.2914534371340158,-1.0409958363982241,1.1351613059046182,-0.5439797972864548,-0.6412947010586345,0.03736490959874428,-1.2488416487273029,2.5283472437603205,0.3121168170483799,0.8282657218784825,0.469980841369103,1.146613211532709,-3.1400063452393656,-1.4187471898964648,-0.20864285167141286,2.826677692576783,1.3310186624443434,1.1784541317453654
55,5.892568441263096,2.806190388867937,0.7740620497265087,-1.1389329705934879,2.7649859887119232,0.6235448221365398,-1.1421017601949885,0.47629994583457513,-0.6831741996395074,-2.9780822024410227,2.22629051471357,-0.04948368897908473,-2.815777907278844,0.22187983196443375,-0.0851373005214231,0.9270038548266555,0.6747414942149595,2.9205633715757693,0.6468780817696413,-0.3550407505217657
56,6.763313414940095,0.23227248064440476,-1.735577916991524,-0.6027237550332526,0.09349023813230534,1.0517950524982813,-2.21970658147739,0.6582482281930727,0.8995934938036253,-3.2425507528480146,-2.7357133190308094,-0.35287692963624984,-1.6679256543045708,-1.8200255255766307,0.7078282172064392,-2.9991027608314145,-0.17801736287079928,-1.1133902742300334,3.260290906493856,0.3878902351304103
57,6.794300865615998,0.07503443851130598,0.6723313070084405,-4.889574737226393,-1.988820762085716,-1.5110472267504067,-0.47243052295984206,0.49497637669563005,2.050764126959205,-0.22325420875457005,1.2954196965979876,0.5978691273271101,0.34137997161656336,1.3297864302856708,3.3956578754173496,-1.7789169600877828,-0.0022440657611194625,1.327910433450771,0.6825538487285677,-0.9817039115815263
58,6.885714762465314,-2.5591986368774338,-1.4921120200311364,-0.302623119813122,1.8644279042421585,-1.8275473561873161,0.925997392401132,-1.4001774258032427,1.9100849770436796,0.19211216244031076,-0.09638934697744028,-2.353561937684199,-3.5278332870316325,-0.000995046202927119,1.3523351484483708,2.472178949501701,1.6540267766159276,2.2110896954380714,1.4827880964452462,-0.9201656476683245
59,6.701307696928154,4.624985347797251,-1.4063071424641906,-2.9843743731244987,-0.03298068527422532,-0.2506599597352553,0.35507470732086766,2.798509826074288,-0.7019435092065611,1.0084276324908639,1.117143333036236,0.8079072550760571,-1.1873544240458815,0.9760775502937142,0.3306560043173258,0.822906341706878,0.7448297160533172,-2.3247834081590426,3.8586681589327405,-0.043737500238327676
6,6.874952102685356,-3.1607902870228717,-1.036624137204789,3.330782886723028,-0.14273661566743978,-2.294104616549592,2.1616317602612787,-2.513707116259125,1.4402909597505187,-0.4550848702357078,1.499487838249903,-0.8195599689147531,0.06841301434409963,2.07194548871802,1.4199079274647999,1.200559769925358,0.40142603989388537,-0.18841388278005364,-1.3948936897182185,2.6728083953428414
60,6.628801796197376,4.583755739666858,-2.8895970956994352,-0.49623308726289495,-0.9090301178475899,-1.349441172012691,2.1877212644122803,0.44664613990842666,-2.755442221853427,0.8145805191407918,-0.12586328891136134,1.6722358773683879,-1.1722868305003924,-1.6922010640166856,1.0349385588653757,-0.5104020735542841,-2.2823866103022827,0.22442121377459312,-1.6478596251401858,0.3882736767928428
61,5.903217652642243,-1.8609642572036857,0.034736889196312126,-3.6278774586882614,-0.6577739234008061,-0.18563254898417467,0.3018958135187131,-1.7300300510508981,-0.6538286531280175,0.6808398083665173,0.8966205121528543,0.3931050651317931,-0.6352898324793059,3.5016812986999493,0.2558799410706441,0.6403166284247782,1.9399118655902838,-1.926595125276149,0.09832836636915909,-1.8206895489481665
62,6.342581819038953,-3.54876098108726,-1.0234845738415994,3.3298661215579055,-1.335551978897398,-0.8376302514766383,0.598698875463977,0.42645699928154396,1.1359359341517665,1.853462276479406,-4.586411006520414,1.4592986462868167,-0.3130448867106158,-0.9002608378726654,-0.26139887749316554,1.0952526747211269,-0.4769375639174128,1.684021586743805,-1.219595768346499,1.0874275471424275
63,6.635961230633594,0.18689464888678742,1.7379647012834751,-1.368946910960926,-5.182176890629723,-1.1326158822269377,-2.0062644665331573,1.338808596982258,-1.07310316318055,-2.667539045672407,-1.137284172102881,-1.4042630022908702,-0.8409050567935792,0.048896114937233504,1.4064905791540632,-2.5575708860082793,2.162554334487586,-1.0432444570085262,0.747789254019831,-0.5574672338732872
64,6.722086418399355,-1.0677840103104677,-3.2372095080172327,-0.2741881438083107,-1.0236293811647916,2.0366425188472794,-3.2178740128322136,-0.3517495507913775,0.007132862345685109,-1.8558211213875324,2.6809605082940173,0.7671616563840297,0.034176974506422986,-0.8053605770447976,2.035497415889416,2.706095271601975,-1.2587331599529854,-1.7844700717041064,2.050794371641526,0.753104137439562
65,6.124272664751874,-4.22682412475397,0.6522393110701283,-1.780539483024436,0.9172110455101504,-1.3017492866035423,0.9255270511763222,1.3714159754489175,-1.404108754868041,-0.7464630578794407,-1.8580474517770487,0.579470546461194,-0.8736562025665249,-1.8667909816499928,-1.5364288198282123,-2.2771867522390874,-0.9600649132802868,-1.6342055824260187,0.7147839160464314,1.8027144441040681
66,6.578898618202372,-2.931116186304806,-3.1338254136317225,3.911850489563753,-1.2680998260402172,-1.169694293403987,-0.3145871008407838,-0.17178507934615636,2.126160235426956,2.2949767809290322,-0.026656126523541632,-0.3553961986736318,0.32604709299564544,0.7784478503942242,-1.9978740717753563,-0.24982613145810006,0.13559486204372811,0.5405632862715913,1.2622543941830304,0.8445234272782083
67,6.83063841527159,4.192580038444424,-1.8172915516792951,0.03534564472769469,0.13932565960663246,-1.0662249163557744,0.108978166879481,-0.1449474095522483,-0.9624217364244576,-1.8201237793518978,-1.9813459421711954,0.313199757790777,-0.24193173056775244,0.06824098188240757,0.7641805757382131,0.873130790849264,2.064155013613825,2.2891789510463423,-1.2814872453614243,0.7700124323423432
68,6.389267259295732,-2.5707172503626587,1.0905844285580666,-2.1948341104592566,-3.082858488874189,0.42823192137442667,1.2473325795990722,-3.620623094321944,0.6350201267629569,-0.29778537012423983,0.7578067975460299,-0.29943731849777305,-0.059737619541435694,-2.057526636909736,-4.316418660657236,-0.6306305382454038,2.542219163595557,0.033711594663615285,-0.32058592851085776,-2.538487633038601
69,6.707088043945504,3.5926921498066626,-1.9265930603999752,-0.8458421039097472,0.5805488094772504,1.3353871569292515,2.2047913875089975,0.8485672942210439,-0.12495049804036529,0.7376209671613115,1.8255962675670439,-1.1469126740502893,0.6025009347210523,-1.6936455297080377,-0.9722274588761977,-2.125952481822772,-0.09591545270601398,-0.9890910063847624,-1.9074491036792018,-0.8821254476180607
7,6.701997484229547,-2.1155440720681957,-0.9768610020082741,2.922442955007752,-2.7727389973809466,-1.323617117402288,2.2515077491130717,-1.9376715281114882,-0.24541492773165263,-0.3745676692226176,0.6135861835493271,-1.734392045872197,-0.8083644406786734,2.597353240345501,0.4741648658054539,1.485001574551249,0.7101184307075916,-0.5317946772455104,0.08546808908303902,1.3088115054226874
70,7.188375841094639,3.4621330651051707,-1.0442193308020955,0.4727176277344536,1.831409463393702,1.9631870927304125,0.696559756977916,-3.0591708341843735,2.4581816066946356,1.6187479600483665,-2.445754784791723,2.9205602111969347,-0.06232212200827238,0.09725455310040415,-1.539883605039945,0.3645995959782339,-0.15028291873716748,0.9862065120791836,1.067285816039769,-2.180311928275792
71,6.596500601743696,3.4634696302926673,0.7821781231534286,3.8163325398128345,-2.412990425053,-0.26004042988844817,-0.4293747556091613,2.2600992133765816,1.2040079218608253,0.49114192201214224,-0.6513271754579806,-1.93446063107211,0.19514389137767468,-0.10973553751652443,0.4066075799248281,-1.5132510148755505,1.0989763044955283,-1.8578722258088174,-1.130124068171337,1.0774744893850645
72,6.130234106038043,3.1814294696858587,2.57772865277698,1.8409935633851384,-0.7632904131404457,3.365001856973614,-2.770915914041397,0.4532221892148189,2.1715976036948748,0.5623669135193592,-1.4573537888781807,0.1040741563628545,-0.6059624393611798,0.5289174304629289,-2.743304708184679,0.18524454259601675,-1.1328060326834484,-1.843524478481515,-0.2874646085675644,-0.11096588594589626
73,6.648635881611195,-2.194351815613275,0.39697311536845814,0.1600433868782387,3.3683596162383806,-0.015780467836317424,-2.05411629516404,-0.15440061228074986,-2.656476928657263,1.118363830277882,-1.6463643373386225,-2.590846860064306,-0.20587849034265715,0.5906430029464201,-0.3233942956940946,0.21761503588599818,2.0156444371686915,-1.7142136375878507,-1.7016259615714429,-1.6176631512815733
74,6.8549480508988685,3.2112369183821308,2.6865401064938155,-1.6874215902512564,2.2062628492773464,-1.5568761047384205,-0.3054055306332907,-0.23637806816793533,0.6124162980303244,-2.6247283036035385,0.47762601593941933,1.4713616868155808,-2.130910376130883,1.7748920704743711,0.5993849565308167,0.3586681585412748,1.1762928307495097,0.06223170354660487,0.5082384906284982,-0.5076550937593691
75,6.632381671099299,-0.8799014808322809,1.5864771966314402,-0.7344330900200415,-0.9656290707684843,5.255947017755354,-2.0115737846280424,3.6056352625819272,2.7403389948804118,-0.16367042200389603,1.1204949123399741,-1.860460531390109,-0.18423370159189556,-2.8288862605121077,2.248178071496208,0.914263429680129,0.3432354822804391,-2.1191368736388383,-0.24314143044265574,0.2442684941412103
76,6.551181272234437,3.6471842930656786,-1.6780293586054293,1.5358733324799585,-0.8406816051684569,3.545166486007286,-1.2343203510400538,-1.6011038939878548,-0.5288745977257507,-0.7810722197994946,-0.3047698254039857,1.2344056322062567,-2.4060821054279193,-2.0690572682408925,0.13507428232036622,2.222780782084139,-3.2021836984919743,0.3816992796309189,0.40932569900515864,-0.11664990511173384
77,6.564699426030037,-3.6829686905457457,1.0716424093167252,-0.4985582867156919,-0.8952260912143302,1.5571666569831042,1.7122167407688218,-0.6565898727557449,2.477380305781386,-1.603572314175752,1.5119949084660411,-2.4256355452885776,2.667326394621874,-0.6809320171865991,2.564401791767209,1.2534426323709382,-0.8377569216062332,-0.07984945608429617,-1.1523362422321326,0.04720981653245965
78,6.586931304961842,-1.4611104225862575,-1.572696002790216,0.4953440833648231,0.21507992014860178,-2.104289156287552,-0.3199326221336846,-0.8101860109875301,0.41594588241165575,-1.147102096699002,-0.049841450741341956,3.0992018490224313,-1.6355599019359126,-0.3670863116887406,-2.1412663123260485,-1.6056140444278526,2.9863036282800213,-2.000353857203497,-1.1639507657908597,-1.0077491822663187
79,6.2064490298641815,-0.5090681681665379,1.1290737251696021,1.0702309498457199,-2.4182194155315577,0.996761269534629,-0.17511761529374753,1.7323033906692293,-1.7093401005239657,-0.7624562463484386,1.9058247881279902,1.769678862230607,-0.3240738763569234,-0.9010896949156332,1.3199462535418034,-0.9568221615122273,1.6769211787466425,-0.9843074643953666,-1.5405800867089294,2.3913224608592842
8,6.216276893852997,1.3377318489574854,0.7690505032094703,-0.0027101465349215204,-2.333464698040693,2.3433554670704067,-5.72867725264801,2.7834203269653033,-3.6481654298533246,-0.009832794142443993,-0.8030238813076553,-1.135201254454421,0.3560095708205939,0.09704223675361434,1.369386690656361,2.439523498615554,1.0527986678357248,-0.585106190360374,-0.051768165427972995,0.11493561877719316
80,6.357233882190325,-2.1966778082669824,0.872586246924467,-0.09193107139044845,-0.4074191143053898,-2.384045412573924,-2.2858680756926333,-2.36873490894591,-0.6257159717148923,2.401327837316324,4.485005274575762,2.422707535006467,-0.562409064402728,0.4325856671909782,-1.4635272604173608,1.7304620237529997,-0.7105217696363266,-0.7809439894950556,0.3496766464867279,0.7406207350262378
81,6.669460296617585,3.490743389703612,-1.3370668926405496,4.504177356176742,-0.8764139780297906,0.19897984567686244,1.0365481884739889,-2.402968276369851,-3.532609631401204,-1.661556363245052,1.390310505038086,-0.8150883452946167,-0.4371661656246314,1.8963067933292,0.29727360112851864,0.7492517110122809,1.607297905444753,-0.29182518264781887,-1.120109908956362,3.0409339044415318
82,6.916758958943958,-2.614060832452099,-0.4152137820473033,0.13436847504940475,5.62309132970735,1.178744247493057,1.7926829551916423,2.331701262385301,-1.248230161437749,-0.9936341979677635,2.0256456276882195,-1.4035373058406235,-0.42748412002303265,-0.08127272842815374,-0.08757696985830259,0.8294637550903567,-0.8024078919123137,-0.4692064035604382,-0.286285746221977,0.04226250367919826
83,6.796964028170957,2.9092905675288248,2.860505180944523,1.5378495297443902,0.7061500111199197,-1.414467596361722,0.21228826420258928,-0.68283666233269,-1.5797877692025608,-0.26592260475213747,-0.5145902979166406,1.737707055518173,-3.283213476631752,-1.3391661775153394,-0.3957442433875146,-0.7035340257084483,1.0338340244734965,-0.3101103578469342,-1.671745636532611,-0.4846657945904292
84,6.785017502002319,-2.258916642076198,-0.0851390714031488,2.2184229673750093,0.08769770804984695,-0.2582660736453529,2.2152097763095484,2.96371072924135,-0.6980606925058227,-0.5652425054592889,-0.11913112477903504,3.465634196330559,-1.785450723967184,1.106002807256423,1.2462373251490888,1.7082403795503158,1.1740605427864073,0.6011028450898745,-2.564122355072632,-0.8715884271251035
85,6.717191769722036,-4.892752333672444,-1.6173505509990227,0.16126021932356796,-0.6685661989032667,-0.5084919892308808,-1.5918934662206747,2.080875498091563,0.98499964913806,-0.8303411832674218,1.2952269547079764,1.7692477289358473,1.7530100286969417,-1.9143525512218575,0.1800777685236542,0.8943913665146698,1.026226639134676,-0.011522657229620703,0.8362188407062127,-2.374623017022638
86,6.4270833991224,6.072030201658245,-2.4616265966358437,-1.128418859371415,0.40818072209482453,-0.7181057641227605,-0.7949456533657557,-1.3377878464108082,0.45104443285875784,-2.0957127319337405,2.186320209115662,0.17385291523384006,-1.7930136626996132,1.8260336615642605,-0.6367316116790218,1.0884248383247193,-0.3833638003306679,0.7752504839017783,-1.3766329857866977,-0.6348191285111962
87,7.348353057411948,-3.8149114262738006,-1.7629789826288418,2.552375774531984,-0.7287336821573942,-0.4090931125446794,2.2495025071244688,0.3805353415054854,0.9674427730067963,-0.9297450241328676,0.2984912303743209,1.2659911443794707,0.8111830651279275,-0.8322587340177624,-0.2367404672562327,-1.113868537671394,-0.8872649007401981,-1.3928757331999029,2.8201538142556695,0.45655178477074565
88,6.4067423476501855,3.2757646857988396,-2.496493503735585,-0.9477167858394068,0.5970657742566938,-0.3340512167085081,2.339513985002691,-0.7210339168445419,-2.640529884227447,-1.969026104961947,-1.3332528166597668,0.18801854116344263,0.82399260085966,-2.5814881819716415,0.8363669728313372,1.4141892938719085,-0.735116257648422,1.426281806947565,-1.8132389304343368,-2.3328430615371563
89,6.421598203414959,2.741254392286236,-0.45634813512326416,2.2322022703302733,-2.4870363934263287,1.4287675086543952,0.8680731734840528,-1.5093944212894377,1.2313483594188688,1.4187427547209985,-1.408621989050905,-0.1197374189637685,1.3871552798010895,-0.3466799807596947,-0.38141389203174175,0.8385405555262704,-1.1711695011884782,-1.2195282039457136,-3.352895337551346,2.5042530658101527
9,6.831845265350616,3.2957280846206825,-1.4250623081396936,0.562187791793562,0.6292963283221433,-0.08062189794813435,1.4921948142996613,-0.347876087058802,-1.072346837819244,-0.34794781807954556,3.082265708703457,-1.173151753170662,-2.3802175967547177,-0.7680562349083887,0.26777106508477655,-0.5889284011010207,0.3784202666880484,1.0885803248587642,-0.36884299388008546,0.48827423910193635
90,6.7569273302442685,4.41356033327397,-2.258504020772439,-1.215830669107674,0.8956646540052624,-0.0773471962945695,1.2181893063607676,-0.8182106489126486,-0.15440331932073265,0.05018461304776606,-1.2564166781017057,0.003323247474283031,0.41388308696187853,-0.24479243629397862,1.3869501491811846,-0.6162616204566661,-0.7055152397630643,-2.74322876505844,-0.3298812246999676,-0.8353104704090456
91,7.065465739739512,3.8897002190228473,0.397652441401175,1.2741753670528913,-2.167386359934107,-1.2780561317621155,-2.6715377433036473,-0.07980801326881085,0.9714747001939946,0.021089445115017452,-1.2722973525919428,0.4338589423778313,3.249366820211618,0.17412610817591484,0.13346848468428557,0.9541593018235875,-0.013244377791248152,-1.2907005107297578,0.5269636984836166,1.3994210184753435
92,6.609756274770936,-4.080252623093679,-0.6747429798821978,-0.7607366628777693,0.8382136980151407,-1.5314150497532524,0.3052671948203405,1.3566681416193083,-0.6477803006830003,-0.8093048333148036,0.009550584008491347,-1.296206081177401,-2.594209503949307,1.07255125693145,1.2311742801613725,-0.04297732305321211,-2.0662724094491187,2.4749330513587577,-0.7366651201310016,-1.6565067024620288
93,6.387962937970215,0.3843666668135573,1.0254998980768844,1.0094921821016092,-2.4030830787858717,0.8474637368066117,-3.3207390095101044,2.3178435748999244,-0.7859457978032234,-3.132657433591475,-1.2387732145800145,-1.0075787928312,0.2550471003355634,0.36041995228165224,-0.6781349600441658,-1.1294519465719794,0.5322593834819359,-0.6592522314277756,-2.1928274918108577,-2.7169273890265004
94,6.41481343560465,3.430100458713498,2.179420910000355,1.3755115797746265,1.0179439758489925,0.2215519435396618,-1.1318947154464218,-2.482814135381086,0.26149576646235406,4.045901869205941,-1.538494575420467,0.8242641801336708,-0.10304398494875214,2.2403448886809647,0.7726042455091455,0.9638228435411116,1.169229296200841,-1.1615137477669555,2.0422966423343376,2.34330610625605
95,6.906929952390795,-2.1326443824179053,2.366160491109886,-1.7085930772882327,-3.8046657468882676,-0.8959443374686853,-2.170283288880307,2.185337369997338,-2.2585268274878993,-1.2513198475550111,0.9275456311625114,0.9958249211056228,1.340244291958669,-0.17846032240594917,-0.7702679136798845,-1.3345817653772096,-0.5793962792388363,1.3261994625160445,0.3236969231736693,-0.7532185744734914
96,6.661249295414222,4.489957922112131,-3.3832680704434246,0.2524035536701721,1.4002934053075147,-1.1334886462907,1.7221034124227301,-0.3968359939083575,0.8122197685463948,-0.3481392790460835,0.07586180103499365,-1.0735037183017722,1.1531490083113867,1.4441012122361763,0.26935410634194734,1.0264084358556866,1.03881308593091,-0.3681578660490296,-1.586714146633497,-0.5344103700542681
97,6.550591599691756,-2.7861118713391932,0.926505676753583,-0.8410119718523237,0.01736142033809046,0.6766994222595516,2.733099266440855,-0.5490557713698258,-3.493236449550774,-1.1626290898875564,-2.950089082176663,0.041748556946048065,1.4271719382623573,-0.05145047555989901,1.991339596151521,1.2538023935484848,-1.6703251816800864,1.4102690962465292,-1.717757106428121,3.686208136390613
98,6.924073163330665,-2.1030226880156944,-1.9737597438486492,-0.8975791872250187,1.3069236357416798,-0.7999804569960821,-0.41390477858757835,0.47059255901334945,0.5230192076078786,-2.028561512044206,-2.1333546463727493,-0.6852699159369521,-0.04170556961063193,1.9103363375806701,-2.159313615465673,-0.43088515309890346,-1.3810193585594603,0.9350262368746116,-1.1471174798773331,-1.0699771505788818
99,6.949108428519401,-1.829805779886227,0.19199600857414223,-2.6718246277880584,-1.8771065979861883,0.7031148746698153,2.4383690617450546,-1.0033810701050414,-2.3442212345558615,-2.833946792662265,-0.8871661810902605,-0.46060713907887174,2.5177576033326416,0.2996075887778818,1.2652094136978644,1.7464693798910271,-2.095628691812668,-0.301034523882547,0.5305578102840854,-1.262224726642144
